CREATE DATABASE IF NOT EXISTS `SOFRONOV DB` CHARACTER SET utf8mb4 COLLATE utf8mb4_unicode_ci;
USE `SOFRONOV DB`;

DROP TABLE IF EXISTS `movie_collections`;
DROP TABLE IF EXISTS `reviews`;
DROP TABLE IF EXISTS `collections`;
DROP TABLE IF EXISTS `movies`;
DROP TABLE IF EXISTS `genres`;
DROP TABLE IF EXISTS `users`;

CREATE TABLE `users` (
  `РљРѕРґ_РїРѕР»СЊР·РѕРІР°С‚РµР»СЏ` int NOT NULL AUTO_INCREMENT,
  `Р›РѕРіРёРЅ` varchar(100) NOT NULL,
  `РџР°СЂРѕР»СЊ` varchar(255) NOT NULL,
  `Email` varchar(255) NOT NULL,
  `РРјСЏ` varchar(100) DEFAULT NULL,
  `Р”Р°С‚Р°_СЂРµРіРёСЃС‚СЂР°С†РёРё` datetime NOT NULL,
  PRIMARY KEY (`РљРѕРґ_РїРѕР»СЊР·РѕРІР°С‚РµР»СЏ`),
  UNIQUE KEY `Р›РѕРіРёРЅ` (`Р›РѕРіРёРЅ`),
  UNIQUE KEY `Email` (`Email`)
) ENGINE=InnoDB DEFAULT CHARSET=utf8mb4 COLLATE=utf8mb4_unicode_ci;

CREATE TABLE `genres` (
  `РљРѕРґ_Р¶Р°РЅСЂР°` int NOT NULL AUTO_INCREMENT,
  `РќР°Р·РІР°РЅРёРµ` varchar(100) NOT NULL,
  PRIMARY KEY (`РљРѕРґ_Р¶Р°РЅСЂР°`),
  UNIQUE KEY `РќР°Р·РІР°РЅРёРµ` (`РќР°Р·РІР°РЅРёРµ`)
) ENGINE=InnoDB DEFAULT CHARSET=utf8mb4 COLLATE=utf8mb4_unicode_ci;

CREATE TABLE `movies` (
  `РљРѕРґ_С„РёР»СЊРјР°` int NOT NULL AUTO_INCREMENT,
  `РќР°Р·РІР°РЅРёРµ` varchar(255) NOT NULL,
  `Р“РѕРґ` int NOT NULL,
  `РљРѕРґ_Р¶Р°РЅСЂР°` int DEFAULT NULL,
  `РЎС‚СЂР°РЅР°` varchar(100) DEFAULT NULL,
  `РћРїРёСЃР°РЅРёРµ` text,
  `РџРѕСЃС‚РµСЂ` varchar(500) DEFAULT NULL,
  `Р РµР№С‚РёРЅРі_СЃСЂРµРґРЅРёР№` double DEFAULT NULL,
  PRIMARY KEY (`РљРѕРґ_С„РёР»СЊРјР°`),
  KEY `РљРѕРґ_Р¶Р°РЅСЂР°` (`РљРѕРґ_Р¶Р°РЅСЂР°`),
  CONSTRAINT `movies_ibfk_1` FOREIGN KEY (`РљРѕРґ_Р¶Р°РЅСЂР°`) REFERENCES `genres` (`РљРѕРґ_Р¶Р°РЅСЂР°`) ON DELETE SET NULL
) ENGINE=InnoDB DEFAULT CHARSET=utf8mb4 COLLATE=utf8mb4_unicode_ci;

CREATE TABLE `collections` (
  `РљРѕРґ_РїРѕРґР±РѕСЂРєРё` int NOT NULL AUTO_INCREMENT,
  `РќР°Р·РІР°РЅРёРµ` varchar(255) NOT NULL,
  `РљРѕРґ_РїРѕР»СЊР·РѕРІР°С‚РµР»СЏ` int NOT NULL,
  `Р”Р°С‚Р°_СЃРѕР·РґР°РЅРёСЏ` datetime NOT NULL,
  `РћРїРёСЃР°РЅРёРµ` text,
  `РџСѓР±Р»РёС‡РЅР°СЏ` tinyint(1) DEFAULT '1',
  PRIMARY KEY (`РљРѕРґ_РїРѕРґР±РѕСЂРєРё`),
  KEY `РљРѕРґ_РїРѕР»СЊР·РѕРІР°С‚РµР»СЏ` (`РљРѕРґ_РїРѕР»СЊР·РѕРІР°С‚РµР»СЏ`),
  CONSTRAINT `collections_ibfk_1` FOREIGN KEY (`РљРѕРґ_РїРѕР»СЊР·РѕРІР°С‚РµР»СЏ`) REFERENCES `users` (`РљРѕРґ_РїРѕР»СЊР·РѕРІР°С‚РµР»СЏ`) ON DELETE CASCADE
) ENGINE=InnoDB DEFAULT CHARSET=utf8mb4 COLLATE=utf8mb4_unicode_ci;

CREATE TABLE `reviews` (
  `РљРѕРґ_СЂРµС†РµРЅР·РёРё` int NOT NULL AUTO_INCREMENT,
  `РљРѕРґ_РїРѕР»СЊР·РѕРІР°С‚РµР»СЏ` int NOT NULL,
  `РљРѕРґ_С„РёР»СЊРјР°` int NOT NULL,
  `РћС†РµРЅРєР°` int DEFAULT NULL,
  `РўРµРєСЃС‚` text NOT NULL,
  `Р”Р°С‚Р°` datetime NOT NULL,
  `Р›Р°Р№РєРѕРІ` int DEFAULT '0',
  PRIMARY KEY (`РљРѕРґ_СЂРµС†РµРЅР·РёРё`),
  KEY `РљРѕРґ_РїРѕР»СЊР·РѕРІР°С‚РµР»СЏ` (`РљРѕРґ_РїРѕР»СЊР·РѕРІР°С‚РµР»СЏ`),
  KEY `РљРѕРґ_С„РёР»СЊРјР°` (`РљРѕРґ_С„РёР»СЊРјР°`),
  CONSTRAINT `reviews_ibfk_1` FOREIGN KEY (`РљРѕРґ_РїРѕР»СЊР·РѕРІР°С‚РµР»СЏ`) REFERENCES `users` (`РљРѕРґ_РїРѕР»СЊР·РѕРІР°С‚РµР»СЏ`) ON DELETE CASCADE,
  CONSTRAINT `reviews_ibfk_2` FOREIGN KEY (`РљРѕРґ_С„РёР»СЊРјР°`) REFERENCES `movies` (`РљРѕРґ_С„РёР»СЊРјР°`) ON DELETE CASCADE,
  CONSTRAINT `reviews_chk_1` CHECK (`РћС†РµРЅРєР°` >= 1 AND `РћС†РµРЅРєР°` <= 5)
) ENGINE=InnoDB DEFAULT CHARSET=utf8mb4 COLLATE=utf8mb4_unicode_ci;

CREATE TABLE `movie_collections` (
  `РљРѕРґ_Р·Р°РїРёСЃРё` int NOT NULL AUTO_INCREMENT,
  `РљРѕРґ_РїРѕРґР±РѕСЂРєРё` int NOT NULL,
  `РљРѕРґ_С„РёР»СЊРјР°` int NOT NULL,
  `Р”Р°С‚Р°_РґРѕР±Р°РІР»РµРЅРёСЏ` datetime NOT NULL,
  `РџРѕСЂСЏРґРѕРє` int DEFAULT NULL,
  PRIMARY KEY (`РљРѕРґ_Р·Р°РїРёСЃРё`),
  KEY `РљРѕРґ_РїРѕРґР±РѕСЂРєРё` (`РљРѕРґ_РїРѕРґР±РѕСЂРєРё`),
  KEY `РљРѕРґ_С„РёР»СЊРјР°` (`РљРѕРґ_С„РёР»СЊРјР°`),
  CONSTRAINT `movie_collections_ibfk_1` FOREIGN KEY (`РљРѕРґ_РїРѕРґР±РѕСЂРєРё`) REFERENCES `collections` (`РљРѕРґ_РїРѕРґР±РѕСЂРєРё`) ON DELETE CASCADE,
  CONSTRAINT `movie_collections_ibfk_2` FOREIGN KEY (`РљРѕРґ_С„РёР»СЊРјР°`) REFERENCES `movies` (`РљРѕРґ_С„РёР»СЊРјР°`) ON DELETE CASCADE
) ENGINE=InnoDB DEFAULT CHARSET=utf8mb4 COLLATE=utf8mb4_unicode_ci;

INSERT INTO `users` (`РљРѕРґ_РїРѕР»СЊР·РѕРІР°С‚РµР»СЏ`, `Р›РѕРіРёРЅ`, `РџР°СЂРѕР»СЊ`, `Email`, `РРјСЏ`, `Р”Р°С‚Р°_СЂРµРіРёСЃС‚СЂР°С†РёРё`) VALUES
(1,'ivanov_p','$2y$10$NVlwvNYZ1Xb2QvfdTKzzU.tvWeFUZ.Cw/H31JgdCDh9vR6Eseel9a','ivanov@mail.ru','РџРµС‚СЂ РРІР°РЅРѕРІ','2024-01-15 10:30:00'),
(2,'petrova_e','$2y$10$HH87Yqqa6sjh6.Xv3O2gx.C8JhyeIHplxk036uF.i09zLYY8rSvvu','petrova@yandex.ru','Р•Р»РµРЅР° РџРµС‚СЂРѕРІР°','2024-01-20 14:45:00'),
(3,'sidorov_a','$2y$10$WnQWpviq2Kgmcx9i2/Nog.G7KoGGB91rfNUmYlJOdKOQgdSi41ciq','sidorov@gmail.com','РђР»РµРєСЃРµР№ РЎРёРґРѕСЂРѕРІ','2024-02-05 09:15:00'),
(4,'smirnova_o','$2y$10$WBjgS8OojORV2WckHhALEeQBO30hQgY9kytHfJKHeXZp7oCK1bxa2','smirnova@bk.ru','РћР»СЊРіР° РЎРјРёСЂРЅРѕРІР°','2024-02-10 16:20:00'),
(5,'kozlov_d','$2y$10$cvUeVYNlz1NLR7zAG.u9gu9LaLrMg8AHWBtvdi3FZKWPx4B4Kojr6','kozlov@mail.ru','Р”РјРёС‚СЂРёР№ РљРѕР·Р»РѕРІ','2024-02-25 11:00:00'),
(6,'morozova_n','$2y$10$gFaZ7bO/ulB8Qo8EwAKUWuS740Xmua83DfDXJOr7ucN6MyvBAbv5.','morozova@yandex.ru','РќР°С‚Р°Р»СЊСЏ РњРѕСЂРѕР·РѕРІР°','2024-03-01 13:30:00'),
(7,'volkov_i','$2y$10$BT/KZaLpHgcDdqshf82/lOtdCaCB6M0q4nyamoO7vTZgDGhfEpQrK','volkov@gmail.com','РРіРѕСЂСЊ Р’РѕР»РєРѕРІ','2024-03-12 17:45:00'),
(8,'sokolova_t','$2y$10$.dcQVupGCigJozp2TqVQh.Au8yIjjzydvUJsCdt7kgE/Jz5zykLwK','sokolova@bk.ru','РўР°С‚СЊСЏРЅР° РЎРѕРєРѕР»РѕРІР°','2024-03-18 10:10:00'),
(9,'popov_a','$2y$10$A6i.jdCtWmC71r75xOhHqOkJVWNFc5iY7gz81Y9jw18bQ8jvWnvr6','popov@mail.ru','РђРЅРґСЂРµР№ РџРѕРїРѕРІ','2024-03-25 15:25:00');

INSERT INTO `genres` (`РљРѕРґ_Р¶Р°РЅСЂР°`, `РќР°Р·РІР°РЅРёРµ`) VALUES
(1,'Р‘РѕРµРІРёРє'),
(2,'РљРѕРјРµРґРёСЏ'),
(3,'Р”СЂР°РјР°'),
(4,'РЈР¶Р°СЃС‹'),
(5,'Р¤Р°РЅС‚Р°СЃС‚РёРєР°'),
(6,'РўСЂРёР»Р»РµСЂ'),
(10,'РњСѓР»СЊС‚С„РёР»СЊРј');

INSERT INTO `movies` (`РљРѕРґ_С„РёР»СЊРјР°`, `РќР°Р·РІР°РЅРёРµ`, `Р“РѕРґ`, `РљРѕРґ_Р¶Р°РЅСЂР°`, `РЎС‚СЂР°РЅР°`, `РћРїРёСЃР°РЅРёРµ`, `РџРѕСЃС‚РµСЂ`, `Р РµР№С‚РёРЅРі_СЃСЂРµРґРЅРёР№`) VALUES
(1,'РќР°С‡Р°Р»Рѕ',2010,5,'РЎРЁРђ','РџСЂРѕС„РµСЃСЃРёРѕРЅР°Р»СЊРЅС‹Р№ РІРѕСЂ РїСЂРѕРЅРёРєР°РµС‚ РІ СЃРЅС‹ Р»СЋРґРµР№','poster_inception.jpg',8.8),
(2,'Р—РµР»РµРЅР°СЏ РєРЅРёРіР°',2018,3,'РЎРЁРђ','РџСѓС‚РµС€РµСЃС‚РІРёРµ РёС‚Р°Р»СЊСЏРЅСЃРєРѕРіРѕ РѕС…СЂР°РЅРЅРёРєР° Рё С‡РµСЂРЅРѕРєРѕР¶РµРіРѕ РїРёР°РЅРёСЃС‚Р°','poster_greenbook.jpg',8.5),
(3,'РћРЅРѕ',2017,4,'РЎРЁРђ','РљР»РѕСѓРЅ С‚РµСЂСЂРѕСЂРёР·РёСЂСѓРµС‚ РґРµС‚РµР№ РІ РјР°Р»РµРЅСЊРєРѕРј РіРѕСЂРѕРґРєРµ','poster_it.jpg',7.3),
(4,'РҐРѕР»РѕРї',2019,2,'Р РѕСЃСЃРёСЏ','РњР°Р¶РѕСЂ РїРѕРїР°РґР°РµС‚ РІ РґРµСЂРµРІРЅСЋ 19 РІРµРєР°','poster_holop.jpg',7.8),
(5,'Р”Р¶РµРЅС‚РµР»СЊРјРµРЅС‹',2019,1,'Р’РµР»РёРєРѕР±СЂРёС‚Р°РЅРёСЏ','РђРјРµСЂРёРєР°РЅСЃРєРёР№ СЌРјРёРіСЂР°РЅС‚ С…РѕС‡РµС‚ РїСЂРѕРґР°С‚СЊ СЃРІРѕР№ Р±РёР·РЅРµСЃ','poster_gentlemen.jpg',8.6),
(6,'РџР°СЂР°Р·РёС‚С‹',2019,6,'РљРѕСЂРµСЏ','Р‘РµРґРЅР°СЏ СЃРµРјСЊСЏ РІРЅРµРґСЂСЏРµС‚СЃСЏ РІ Р±РѕРіР°С‚СѓСЋ','poster_parasite.jpg',8.7),
(7,'1+1',2011,2,'Р¤СЂР°РЅС†РёСЏ','РђСЂРёСЃС‚РѕРєСЂР°С‚ Рё РёРјРјРёРіСЂР°РЅС‚ СЃС‚Р°РЅРѕРІСЏС‚СЃСЏ РґСЂСѓР·СЊСЏРјРё','poster_intouchables.jpg',8.9),
(8,'РРЅС‚РµСЂСЃС‚РµР»Р»Р°СЂ',2014,5,'РЎРЁРђ','РџСѓС‚РµС€РµСЃС‚РІРёРµ С‡РµСЂРµР· С‡РµСЂРІРѕС‚РѕС‡РёРЅСѓ','poster_interstellar.jpg',8.9),
(9,'РўР°Р№РЅР° РљРѕРєРѕ',2017,10,'РЎРЁРђ','РџСѓС‚РµС€РµСЃС‚РІРёРµ РјР°Р»СЊС‡РёРєР° РІ РјРёСЂ РјРµСЂС‚РІС‹С…','poster_coco.jpg',8.6);

INSERT INTO `collections` (`РљРѕРґ_РїРѕРґР±РѕСЂРєРё`, `РќР°Р·РІР°РЅРёРµ`, `РљРѕРґ_РїРѕР»СЊР·РѕРІР°С‚РµР»СЏ`, `Р”Р°С‚Р°_СЃРѕР·РґР°РЅРёСЏ`, `РћРїРёСЃР°РЅРёРµ`, `РџСѓР±Р»РёС‡РЅР°СЏ`) VALUES
(1,'Р›СѓС‡С€РёРµ С„РёР»СЊРјС‹ 2023',1,'2024-04-01 20:00:00','РџРѕРґР±РѕСЂРєР° Р»СѓС‡С€РёС… С„РёР»СЊРјРѕРІ РїСЂРѕС€Р»РѕРіРѕ РіРѕРґР°',1),
(2,'Р”Р»СЏ РІРµС‡РµСЂРЅРµРіРѕ РїСЂРѕСЃРјРѕС‚СЂР°',2,'2024-04-02 19:30:00','РЎРїРѕРєРѕР№РЅС‹Рµ С„РёР»СЊРјС‹ РґР»СЏ СѓСЋС‚РЅРѕРіРѕ РІРµС‡РµСЂР°',1),
(3,'РЁРµРґРµРІСЂС‹ РєРёРЅРµРјР°С‚РѕРіСЂР°С„Р°',3,'2024-04-03 18:45:00','Р¤РёР»СЊРјС‹, РєРѕС‚РѕСЂС‹Рµ РґРѕР»Р¶РµРЅ СѓРІРёРґРµС‚СЊ РєР°Р¶РґС‹Р№',1),
(4,'РљРѕРјРµРґРёРё РґР»СЏ РЅР°СЃС‚СЂРѕРµРЅРёСЏ',4,'2024-04-04 21:15:00','РџРѕРґРЅРёРјСѓС‚ РЅР°СЃС‚СЂРѕРµРЅРёРµ РІ Р»СЋР±РѕР№ РґРµРЅСЊ',1),
(5,'РњРѕРё Р»СЋР±РёРјС‹Рµ С„РёР»СЊРјС‹',5,'2024-04-05 22:00:00','Р›РёС‡РЅР°СЏ РїРѕРґР±РѕСЂРєР°',0),
(6,'Р¤Р°РЅС‚Р°СЃС‚РёРєР° Р±СѓРґСѓС‰РµРіРѕ',1,'2024-04-06 20:30:00','Р›СѓС‡С€Р°СЏ С„Р°РЅС‚Р°СЃС‚РёРєР°',1),
(10,'Р СѓСЃСЃРєРѕРµ РєРёРЅРѕ',9,'2024-04-10 16:30:00','РџРѕРґР±РѕСЂРєР° РѕС‚РµС‡РµСЃС‚РІРµРЅРЅС‹С… С„РёР»СЊРјРѕРІ',1);

INSERT INTO `reviews` (`РљРѕРґ_СЂРµС†РµРЅР·РёРё`, `РљРѕРґ_РїРѕР»СЊР·РѕРІР°С‚РµР»СЏ`, `РљРѕРґ_С„РёР»СЊРјР°`, `РћС†РµРЅРєР°`, `РўРµРєСЃС‚`, `Р”Р°С‚Р°`, `Р›Р°Р№РєРѕРІ`) VALUES
(1,1,1,5,'Р“РµРЅРёР°Р»СЊРЅС‹Р№ С„РёР»СЊРј! РЎРјРѕС‚СЂРµР» РЅРµСЃРєРѕР»СЊРєРѕ СЂР°Р·','2024-04-01 22:15:00',15),
(2,2,1,4,'РЎР»РѕР¶РЅРѕ РґР»СЏ РїРѕРЅРёРјР°РЅРёСЏ, РЅРѕ РєСЂР°СЃРёРІРѕ','2024-04-02 14:30:00',8),
(3,3,3,5,'РћС‡РµРЅСЊ СЃС‚СЂР°С€РЅРѕ, РЅРѕ Р·Р°С…РІР°С‚С‹РІР°РµС‚','2024-04-03 11:20:00',12),
(4,4,4,5,'РћС‚Р»РёС‡РЅР°СЏ СЂРѕСЃСЃРёР№СЃРєР°СЏ РєРѕРјРµРґРёСЏ','2024-04-04 18:45:00',20),
(5,5,5,5,'Р РёС‡Рё СЃРЅРѕРІР° РІ С„РѕСЂРјРµ!','2024-04-05 21:00:00',25),
(6,6,7,5,'РўСЂРѕРіР°С‚РµР»СЊРЅС‹Р№ С„РёР»СЊРј Рѕ РґСЂСѓР¶Р±Рµ','2024-04-06 13:10:00',18),
(7,7,8,5,'Р›СѓС‡С€РёР№ С„РёР»СЊРј Рѕ РєРѕСЃРјРѕСЃРµ','2024-04-07 23:30:00',30),
(8,8,9,5,'РљСЂР°СЃРёРІС‹Р№ РјСѓР»СЊС‚С„РёР»СЊРј Рѕ СЃРµРјСЊРµ','2024-04-08 15:40:00',22),
(9,9,6,5,'РћСЃРєР°СЂ Р·Р°СЃР»СѓР¶РµРЅРЅРѕ','2024-04-09 19:20:00',17);

INSERT INTO `movie_collections` (`РљРѕРґ_Р·Р°РїРёСЃРё`, `РљРѕРґ_РїРѕРґР±РѕСЂРєРё`, `РљРѕРґ_С„РёР»СЊРјР°`, `Р”Р°С‚Р°_РґРѕР±Р°РІР»РµРЅРёСЏ`, `РџРѕСЂСЏРґРѕРє`) VALUES
(1,1,1,'2024-04-01 20:05:00',1),
(2,1,5,'2024-04-01 20:06:00',2),
(3,2,7,'2024-04-02 19:35:00',1),
(4,2,4,'2024-04-02 19:36:00',2),
(5,3,1,'2024-04-03 18:50:00',1),
(6,3,8,'2024-04-03 18:51:00',2),
(7,3,6,'2024-04-03 18:52:00',3),
(8,4,4,'2024-04-04 21:20:00',1),
(9,4,7,'2024-04-04 21:21:00',2),
(10,5,2,'2024-04-05 22:05:00',1),
(11,5,9,'2024-04-05 22:06:00',2),
(12,6,1,'2024-04-06 20:35:00',1),
(13,6,8,'2024-04-06 20:36:00',2),
(14,7,9,'2024-04-07 17:05:00',1),
(15,7,2,'2024-04-07 17:06:00',2),
(16,8,3,'2024-04-08 23:05:00',1),
(17,8,6,'2024-04-08 23:06:00',2),
(18,9,4,'2024-04-09 19:05:00',1),
(19,9,5,'2024-04-09 19:06:00',2),
(20,10,4,'2024-04-10 16:35:00',1),
(21,10,2,'2024-04-10 16:36:00',2);




